GROUP,PACKAGE,CLASS,INSTRUCTION_MISSED,INSTRUCTION_COVERED,BRANCH_MISSED,BRANCH_COVERED,LINE_MISSED,LINE_COVERED,COMPLEXITY_MISSED,COMPLEXITY_COVERED,METHOD_MISSED,METHOD_COVERED
loyalty-service,com.mobily.loyalty.service.utils,DateUtil,3,5,0,0,1,2,1,1,1,1
loyalty-service,com.mobily.loyalty.service.resourcebundle,Locales,3,0,0,0,1,0,1,0,1,0
loyalty-service,com.mobily.loyalty.service.resourcebundle,LocalizedMessageService,16,0,0,0,3,0,2,0,2,0
loyalty-service,com.mobily.loyalty.service.exceptions,InternalServerException,0,5,0,0,0,2,0,1,0,1
loyalty-service,com.mobily.loyalty.service.exceptions,ResourceNotFoundException,5,0,0,0,2,0,1,0,1,0
loyalty-service,com.mobily.loyalty.service.exceptions,ConfigItemNotFoundException,5,0,0,0,2,0,1,0,1,0
loyalty-service,com.mobily.loyalty.service.exceptions,InvalidRequestException,0,5,0,0,0,2,0,1,0,1
loyalty-service,com.mobily.loyalty.service.exceptions,ResourceAlreadyExistsException,5,0,0,0,2,0,1,0,1,0
loyalty-service,com.mobily.loyalty.service.exceptions,SessionTimeoutException,5,0,0,0,2,0,1,0,1,0
loyalty-service,com.mobily.loyalty.service.exceptions,BaseException,0,7,0,0,0,3,0,1,0,1
loyalty-service,com.mobily.loyalty.service.exceptions,UnauthorizedAccessException,5,0,0,0,2,0,1,0,1,0
loyalty-service,com.mobily.loyalty.service,LoyaltyServiceApp,25,0,0,0,7,0,3,0,3,0
loyalty-service,com.mobily.loyalty.service.services,AuditAspect,112,0,0,0,24,0,4,0,4,0
loyalty-service,com.mobily.loyalty.service.services,LoyaltyInfoService,41,308,15,23,10,70,15,12,0,8
loyalty-service,com.mobily.loyalty.service.services,ServiceResponseBuilder,83,0,0,0,26,0,5,0,5,0
loyalty-service,com.mobily.loyalty.service.services,BaseService,162,92,12,8,27,29,12,6,2,6
loyalty-service,com.mobily.loyalty.service.services,DataValidationService,14,0,0,0,4,0,2,0,2,0
loyalty-service,com.mobily.loyalty.service.services,UserSessionService,193,0,10,0,55,0,14,0,9,0
loyalty-service,com.mobily.loyalty.service.advisors,RESTResponseEntityExceptionHandler,108,0,0,0,20,0,8,0,8,0
loyalty-service,com.mobily.loyalty.service.constants,APIConstants,3,0,0,0,1,0,1,0,1,0
loyalty-service,com.mobily.loyalty.service.constants,MessageConstants,3,0,0,0,1,0,1,0,1,0
loyalty-service,com.mobily.loyalty.service.constants,ServiceConstants,3,0,0,0,1,0,1,0,1,0
loyalty-service,com.mobily.loyalty.service.web.api,PingController,12,0,0,0,4,0,3,0,3,0
loyalty-service,com.mobily.loyalty.service.web.api,LoyaltyInfoAPIImpl,129,0,6,0,28,0,9,0,6,0
loyalty-service,com.mobily.loyalty.service.web.api,LoyaltyInfoDPAPIImpl,169,0,4,0,39,0,11,0,9,0
loyalty-service,com.mobily.loyalty.service.configs,AppConfiguration,20,0,0,0,6,0,3,0,3,0
loyalty-service,com.mobily.loyalty.service.configs,OpenApiConfig,78,0,0,0,27,0,2,0,2,0
loyalty-service,com.mobily.loyalty.service.configs,AppConfigurationLoader,6,4,0,0,4,1,3,1,3,1
loyalty-service,com.mobily.loyalty.service.configs,KeycloakJwtTokenConverter,89,0,0,0,21,0,7,0,7,0
loyalty-service,com.mobily.loyalty.service.configs,CustomFilter,125,0,10,0,35,0,8,0,3,0
loyalty-service,com.mobily.loyalty.service.configs,TokenConverterProperties,22,0,0,0,8,0,6,0,6,0
loyalty-service,com.mobily.loyalty.service.configs,GlobalSecurityConfiguration,79,0,0,0,15,0,7,0,7,0
loyalty-service,com.mobily.loyalty.service.model,LoyaltyInfoRequest,0,4,0,0,0,1,0,1,0,1
loyalty-service,com.mobily.loyalty.service.model,LoyaltyInfoResponse,0,4,0,0,0,1,0,1,0,1
loyalty-service,com.mobily.loyalty.service.model,Status,21,0,0,0,7,0,1,0,1,0
loyalty-service,com.mobily.loyalty.service.model,AuditLog,3,0,0,0,1,0,1,0,1,0
loyalty-service,com.mobily.loyalty.service.model,ExtraInfo,0,3,0,0,0,1,0,1,0,1
loyalty-service,com.mobily.loyalty.service.datapower.model,LoyaltyInquiryResponse,0,3,0,0,0,1,0,1,0,1
loyalty-service,com.mobily.loyalty.service.datapower.model,LoyaltyInquiryRequest,0,3,0,0,0,1,0,1,0,1
loyalty-service,com.mobily.loyalty.service.serviceclient,ServiceClient,72,4,2,0,20,1,4,1,3,1
